date,real,nominal
1871.01,0.0,0.0
1871.02,0.0,0.0
1871.03,8.182219090446807e-05,8.557001971865041e-05
1871.04,0.0003590797179671146,0.0003618213545053539
1871.05,0.0008136484731859905,0.0008012290629757501
1871.06,0.0006324478453536564,0.0006131365546422352
1871.07,0.00022006689625775344,0.00021334732903821596
1871.08,0.0004554783196359935,0.00043461829844826383
1871.09,0.0006724967825091355,0.0006570972601533942
1871.10,-0.0005565442717319069,-0.0005522949587402071
1871.11,-0.0004551093851905552,-0.0004516345453238202
1871.12,-0.0001848735586855721,-0.00018769664268702968
1872.01,-0.00018850641042345018,-0.00019138496934356652
1872.02,-0.00015230838906887811,-0.00015463419152261793
1872.03,0.0001224598939988386,0.0001261991091272563
1872.04,0.0006119499146395313,0.0006446523512264601
1872.05,0.0006474326497112326,0.0006820312739859169
1872.06,0.00044175479527819306,0.00046198917585704713
1872.07,0.00034589988850153297,0.0003564616655356012
1872.08,0.00011650073425761853,0.00012094749471036614
1872.09,-0.00019547212120119006,-0.00020442563417977233
1872.10,-0.00011429325985301553,-0.00011691046426820506
1872.11,-0.00014773951539259755,-0.00015563467481305437
1872.12,0.0002606753306311216,0.0002706251456141562
1873.01,0.00026302487701901356,0.00027306437272400785
1873.02,0.00027927211374034755,0.00029632681617886014
1873.03,0.00024152656348364054,0.00025627620538659635
1873.04,0.00020687155308452,0.000219504868790521
1873.05,0.00021012942724474293,0.0002181499365827566
1873.06,0.00022957650201016477,0.00023132935881298167
1873.07,0.0002406580897449384,0.00024249555641087106
1873.08,0.00024159013289515308,0.00024343471587395804
1873.09,0.000664871616940621,0.000669948028186651
1873.10,0.0031198904056666255,0.0030722688589737146
1873.11,0.005047615738714928,0.004816444754899063
1873.12,-0.0007055281920260725,-0.0006893722825125348
1874.01,-0.0007213648658357386,-0.0007158571187395601
1874.02,-0.0002854849388129743,-0.000283305211302487
1874.03,-0.0006759756034058206,-0.0006708144112779202
1874.04,-0.0012553458766595416,-0.001226599676833251
1874.05,-0.0015582648799183918,-0.0015106845042049954
1874.06,-0.001617786698892898,-0.0015313431309889047
1874.07,-0.001616333176561513,-0.0015423082606522698
1874.08,-0.0016406043284418192,-0.001552941540902797
1874.09,-0.0016440514935560646,-0.0015562045128527657
1874.10,-0.0016989162991847273,-0.0015821946677236909
1874.11,-0.0016895916060613025,-0.0015606212653260787
1874.12,-0.001753922572274469,-0.001620041703691788
1875.01,-0.0017650519805831877,-0.0016303215791448888
1875.02,-0.0017732188376826663,-0.0016378650416091212
1875.03,-0.0018164831347207144,-0.0016778268772057459
1875.04,-0.0017983396412994956,-0.0016747872703237743
1875.05,-0.0020801382420010395,-0.0018895921554564765
1875.06,-0.0019352083058414848,-0.0017283994453602958
1875.07,-0.0019661562676465127,-0.0017560401080511934
1875.08,-0.0020165193056964625,-0.0018164044015052117
1875.09,-0.0018879831924094592,-0.0016862211126109639
1875.10,-0.0015707248670502327,-0.0014028670613017713
1875.11,-0.0019767836775950176,-0.00175043871630165
1875.12,-0.0019802716012646826,-0.0017384075464976778
1876.01,-0.002034813297269178,-0.001770751537866433
1876.02,-0.0019583797441449224,-0.0017042369186035522
1876.03,-0.0019842294747351996,-0.0017267320783598272
1876.04,-0.002424283253303461,-0.0020911851303171414
1876.05,-0.002388995053753895,-0.0019877994934989207
1876.06,-0.002358574308892747,-0.0019084630703543048
1876.07,-0.0021452381281543698,-0.0017358400493308057
1876.08,-0.001137430763143099,-0.0009290475169660972
1876.09,0.001226680921759371,0.0010113125038901938
1876.10,0.0014080880291003073,0.0011823628060918523
1876.11,0.0024235775785155234,0.0020535675371224915
1876.12,0.0026033939141221207,0.002245685867833247
1877.01,0.0025604152656890644,0.002247694314859938
1877.02,0.0026808949373009483,0.002292069096753613
1877.03,0.003907128353305422,0.0031913220678791987
1877.04,0.006502102111593189,0.005459774914126303
1877.05,0.006249026404601121,0.005342693630958184
1877.06,0.010913752513089792,0.008830967738299389
1877.07,0.00704161215703647,0.0057515520961028965
1877.08,0.0020733228922413804,0.0016301720669635866
1877.09,-0.001269345015136425,-0.0009883442808091836
1877.10,-0.0019983782638841596,-0.0015559880918512015
1877.11,-0.0016943297973808225,-0.001293386230890592
1877.12,-0.0016240020285247514,-0.0012397007158111428
1878.01,-0.0016820339699219478,-0.0012454721972858795
1878.02,-0.0016899519014843545,-0.0012384429802210217
1878.03,-0.0019298353569126014,-0.0013847668763573573
1878.04,-0.0020133724625559513,-0.0014293370603553068
1878.05,-0.002053733242365352,-0.0014109615655060193
1878.06,-0.001835413152571963,-0.001232955210779485
1878.07,-0.0013406703615692628,-0.0009108348546473799
1878.08,-0.0016214670079599536,-0.001113984806192958
1878.09,-0.0010328367197245392,-0.000709582376578588
1878.10,-0.0015114929330817262,-0.0010268895960321434
1878.11,-0.0016360664722352425,-0.00109904229426383
1878.12,-0.0018789514271029262,-0.0012335101901541634
1879.01,-0.00190745315850549,-0.0012667849906715656
1879.02,-0.0012443684132961152,-0.0008359156177752958
1879.03,-0.001909436103244122,-0.0012681019114146874
1879.04,-0.0010090322216269598,-0.0006624181496224235
1879.05,0.0011056189865596977,0.0007258262596212539
1879.06,0.0014492411077235978,0.0009403488217905043
1879.07,0.0029605818685292107,0.0019435882433840312
1879.08,0.003581256180843262,0.0023510538531705816
1879.09,0.006842533232243486,0.0046487324107780115
1879.10,0.01859483889685043,0.013342856883250764
1879.11,0.02692803170139957,0.020350223949450186
1879.12,0.025550247945237636,0.019894072241023464
1880.01,0.02549381223596603,0.02043407912451478
1880.02,0.026200635821841622,0.021000620093248656
1880.03,0.026882142264698317,0.021751943778383298
1880.04,0.026634701019775164,0.020738454959074337
1880.05,0.024024493708839856,0.01815594368977491
1880.06,0.024625871506374075,0.01823437507419201
1880.07,0.024382036646091176,0.01805382608134032
1880.08,0.025151976617456828,0.018623932776605123
1880.09,0.0248917707064078,0.018621314767546693
1880.10,0.02609058096666539,0.019518134180922964
1880.11,0.028886958507686966,0.021830636615724597
1880.12,0.03241964585024437,0.02474791130855536
1881.01,0.03406867304512895,0.025746594991308935
1881.02,0.03365348131349455,0.025689773867909604
1881.03,0.03444625455586747,0.026294946483941484
1881.04,0.03402163351314824,0.026230347157872647
1881.05,0.03745051714581482,0.02858828504991573
1881.06,0.038847673347253586,0.02965482038213718
1881.07,0.03471917183012563,0.026768142387580518
1881.08,0.032298136861565574,0.02539475193359264
1881.09,0.03171251816505816,0.025902619493559875
1881.10,0.03051840615291468,0.025160288379638907
1881.11,0.0313066519559424,0.025571110090071514
1881.12,0.029712514007867785,0.02426902652564733
1882.01,0.029567160356603672,0.0241503024211438
1882.02,0.029219238084496446,0.024089215300289624
1882.03,0.02930580096544322,0.024160580332810433
1882.04,0.029112338079317457,0.024223361533417087
1882.05,0.028984956875158563,0.024338488956036297
1882.06,0.028850106168052836,0.02444553126521365
1882.07,0.02837317093031677,0.02382477608331568
1882.08,0.028930176699634824,0.02451337734771286
1882.09,0.03033824993469647,0.02501176219576573
1882.10,0.02926677004402345,0.02390494518001196
1882.11,0.028143081669764314,0.022772245016910553
1882.12,0.02852561465166259,0.022864162545496836
1883.01,0.02854975817910166,0.022883514329587573
1883.02,0.028067154798802285,0.022710808059535736
1883.03,0.028411242717741203,0.02277248990251346
1883.04,0.02898224451535203,0.023008880993456327
1883.05,0.028947076911308933,0.022759945581879215
1883.06,0.030058220709245465,0.022945290138008723
1883.07,0.030444084377333702,0.022774951797789544
1883.08,0.03001454949079818,0.02245362052649602
1883.09,0.03011981970059674,0.022302402148306477
1883.10,0.030554533338516432,0.022624288483238608
1883.11,0.030404025344317187,0.022280901441639855
1883.12,0.030596824505321862,0.022655603232755617
1884.01,0.030178600322323668,0.022345926614167233
1884.02,0.030180574368226853,0.022347388308360916
1884.03,0.030249708196760317,0.022398578868640495
1884.04,0.0302771635532344,0.021956762204281777
1884.05,0.03261764986421367,0.023155981637570378
1884.06,0.035919056338153066,0.02549972215863683
1884.07,0.0361929931039624,0.025418091190517522
1884.08,0.029241972747885647,0.020536437198254376
1884.09,0.031682278546098175,0.022008347504779202
1884.10,0.03493184905166169,0.02399897679365237
1884.11,0.037941395021594104,0.025487471652084537
1884.12,0.038517923679247446,0.02558066884685095
1885.01,0.038176443856556386,0.025353883978203928
1885.02,0.0380775768988344,0.02557895304684399
1885.03,0.0392449613184267,0.02576386967758637
1885.04,0.03891925873466828,0.025847204998561857
1885.05,0.03963127077491313,0.025714988748737344
1885.06,0.0406552297566769,0.02575870319484741
1885.07,0.04128070320840971,0.02647010116959958
1885.08,0.04480992998948441,0.028733119545858
1885.09,0.04414119090677593,0.0279673695620426
1885.10,0.050321175809393104,0.03188293953441512
1885.11,0.06045484989262828,0.03876498868664724
1885.12,0.05751250748649195,0.03775630547041908
1886.01,0.0591078827790712,0.03790128354121958
1886.02,0.059964830729905216,0.03845077754671511
1886.03,0.059699813537394064,0.037825140502249166
1886.04,0.060093885709124883,0.03761607102348563
1886.05,0.06123670371981049,0.03739651677703071
1886.06,0.06250911277754945,0.03769637486623756
1886.07,0.06282895157171264,0.038368883346258986
1886.08,0.06287145294947294,0.0388747504159066
1886.09,0.06540266353714763,0.040439851510755354
1886.10,0.06874492243834229,0.042506440948630875
1886.11,0.0728692336527228,0.04505658988864969
1886.12,0.06759063433526347,0.04230869865836784
1887.01,0.06573989613936693,0.042153877391642336
1887.02,0.06492414319497275,0.042126421362121746
1887.03,0.06561688437942248,0.04257591065215882
1887.04,0.06696167915403617,0.043448488841613564
1887.05,0.06854004018773363,0.0444726179050865
1887.06,0.0667200469885616,0.04278237182422728
1887.07,0.06608919681076664,0.04187338296261656
1887.08,0.06447879445734284,0.04134523106263588
1887.09,0.06522625481355782,0.041326632472864944
1887.10,0.0645183132691276,0.04137057140000433
1887.11,0.06320800668128168,0.041012895848608455
1887.12,0.06191649094810536,0.04112021365149854
1888.01,0.06168494275171987,0.041437412326309264
1888.02,0.0623781566613113,0.04142681682735505
1888.03,0.061092395963844304,0.04057291258028117
1888.04,0.06208056237035997,0.04075518142173573
1888.05,0.06312758659723094,0.04096071479268737
1888.06,0.06364467996939727,0.040810378379254164
1888.07,0.06272284298817254,0.04069809446410355
1888.08,0.06317789243842142,0.040993356040743834
1888.09,0.06420338616127186,0.041658753819552974
1888.10,0.06337104397302706,0.04160236788123095
1888.11,0.061858629961225375,0.041081786794514574
1888.12,0.06162820136604452,0.04092875368620641
1889.01,0.06482974704236888,0.04157026963294408
1889.02,0.06654230976363884,0.042160470309966946
1889.03,0.06601465640538695,0.041322207319987925
1889.04,0.06614784641766214,0.04140557828031577
1889.05,0.06941878916161137,0.042393217724481236
1889.06,0.07111704349448011,0.04343032117376833
1889.07,0.06917385701146017,0.042243640612946276
1889.08,0.07050461879436831,0.04305632079195165
1889.09,0.07227600157301328,0.0446897819343981
1889.10,0.07014621275055433,0.043372888415517785
1889.11,0.06940443885651781,0.04291423391267246
1889.12,0.06827233893848028,0.04273541509497525
1890.01,0.07068308603506779,0.043165308584493634
1890.02,0.07026050098390257,0.04290724098784571
1890.03,0.07011362516099418,0.042817545693325965
1890.04,0.0710848711280816,0.04341067389743358
1890.05,0.0732808552847759,0.045311104258228596
1890.06,0.07271829618188708,0.04496326205492274
1890.07,0.07219060904358088,0.044636981925596064
1890.08,0.06740422727082418,0.04322108337423103
1890.09,0.0655778665858131,0.04255059372176628
1890.10,0.0631773542319074,0.04099300682220708
1890.11,0.06453961349225068,0.040891584138303294
1890.12,0.06635784097939723,0.04204359293182014
1891.01,0.0694737653119688,0.043487453996461145
1891.02,0.07020906299794039,0.04448368453889939
1891.03,0.06746523806210902,0.04326020484485227
1891.04,0.07013306497965388,0.045506261636408585
1891.05,0.07070307477257831,0.0453363774542197
1891.06,0.06991989054661651,0.043766708338460525
1891.07,0.06919292580149694,0.042783450912791565
1891.08,0.072607266515063,0.04489461006130746
1891.09,0.08521484662440582,0.05203967960167866
1891.10,0.08555827428877727,0.05224940673642253
1891.11,0.08308638056495443,0.0501055799528225
1891.12,0.09066047079938055,0.0546731658944708
1892.01,0.09435428833897319,0.05546022112716109
1892.02,0.09480897976691072,0.055727482823285435
1892.03,0.09864643360934178,0.056477043108590586
1892.04,0.10013428011068104,0.05656445216385331
1892.05,0.10049229480764676,0.05676668965113629
1892.06,0.10024389423739422,0.05662637164856976
1892.07,0.09795666459025476,0.05682992562204925
1892.08,0.09856846520070395,0.0579372593703078
1892.09,0.09569232434292374,0.05624670125394271
1892.10,0.09791463762555441,0.05755294804185507
1892.11,0.09537339004781042,0.05751531102833951
1892.12,0.09326877235814734,0.05695811496033043
1893.01,0.09114776508179467,0.05775021422010829
1893.02,0.08893899193896537,0.05702965142481364
1893.03,0.08936506435748104,0.05593851301546149
1893.04,0.09078339440885674,0.05613329474649564
1893.05,0.09175454952223738,0.056033397327807766
1893.06,0.10014844068587792,0.059630469098119754
1893.07,0.12029940999677713,0.06979215300041197
1893.08,0.1326029479311135,0.07389335956753085
1893.09,0.10454831939613651,0.0606540988307982
1893.10,0.09587021209387281,0.05635126135584301
1893.11,0.09508242737676387,0.05443657873221319
1893.12,0.10360660389975695,0.05852591923234751
1894.01,0.10562469051957901,0.05805332525613993
1894.02,0.10811184419235786,0.05859506979149742
1894.03,0.11348455803042867,0.05977442345286077
1894.04,0.11538049219621538,0.06077304717428422
1894.05,0.11114063094708992,0.05853983354517833
1894.06,0.11077453822251648,0.058347005710965405
1894.07,0.11042259755154937,0.05816163202610669
1894.08,0.1081062749699564,0.05859205135279133
1894.09,0.1080679107435003,0.059396165245863664
1894.10,0.10880746979879863,0.05814146622167371
1894.11,0.10928961968085815,0.05839910387406411
1894.12,0.11101792636183294,0.0584752027622244
1895.01,0.11071552316779876,0.05831592138608466
1895.02,0.11036470058442927,0.058131136618719825
1895.03,0.11063591786274163,0.058273991794110636
1895.04,0.10757573522177566,0.0591256562814797
1895.05,0.11185568066698437,0.06233188748933571
1895.06,0.11453164025034912,0.06469731923001465
1895.07,0.11765284261808961,0.06556237202386406
1895.08,0.12348025926382888,0.06786708314593204
1895.09,0.12582405201748337,0.06915527591971982
1895.10,0.12227115682207668,0.06720253760289863
1895.11,0.113994650781156,0.06265361353207366
1895.12,0.10406742430785698,0.05640305219001496
1896.01,0.10513751083479494,0.056180417081066025
1896.02,0.10909443734320412,0.05746206538827803
1896.03,0.107624439277342,0.056687790117802894
1896.04,0.11042664373212485,0.05732077997545648
1896.05,0.11199242752178229,0.05727861811876833
1896.06,0.11231668249690419,0.056587120001832414
1896.07,0.10866694121532472,0.05474831615466513
1896.08,0.11234975979803608,0.05660378492788665
1896.09,0.10498959304081712,0.052895603469305996
1896.10,0.10078330318984019,0.05231506955294796
1896.11,0.09591867978328672,0.05125431820958637
1896.12,0.09362150889272769,0.050026820832926866
1897.01,0.09674438618164238,0.05021852957544226
1897.02,0.09653475272763146,0.05010971205924575
1897.03,0.09695585684335661,0.0503283007580273
1897.04,0.09729161378916107,0.04975987498176204
1897.05,0.0990310516145545,0.04989358550342615
1897.06,0.09937755915667346,0.05006816209731735
1897.07,0.10346413579166924,0.05212705127833939
1897.08,0.10988942457425388,0.057880799921091075
1897.09,0.12083478508589351,0.06549072137508904
1897.10,0.11031580504595073,0.05894744786048367
1897.11,0.09942041707930471,0.053125477800834986
1897.12,0.10495307030288625,0.05608186095274448
1898.01,0.1070093321065908,0.0571806281276821
1898.02,0.10558451452348017,0.057225293339709715
1898.03,0.10102668340496734,0.05475501420903495
1898.04,0.1011931780236468,0.054845251905693004
1898.05,0.09385548506180363,0.054450610967556656
1898.06,0.10464535491808036,0.05671628229624037
1898.07,0.10708354305017842,0.057220282878204465
1898.08,0.11421068023439318,0.061028681388154205
1898.09,0.11385889148556316,0.0608407024406139
1898.10,0.1086391434229359,0.058051520721472016
1898.11,0.11570906916720958,0.061829348196099865
1898.12,0.1313370082573755,0.07118277578684751
1899.01,0.13779769141327236,0.07468437344479639
1899.02,0.1434729790465461,0.07995071447746671
1899.03,0.14867867947234004,0.08285160544079417
1899.04,0.15172114692405891,0.08570515060321515
1899.05,0.13553728607825377,0.07656311431327367
1899.06,0.12769591230657085,0.07310844680598638
1899.07,0.13441129244673,0.07797921442570921
1899.08,0.1410163841974299,0.0828875930052595
1899.09,0.13227056846502094,0.08077604169130659
1899.10,0.12952657562494707,0.08008902392781536
1899.11,0.13441322187006577,0.08413663454603793
1899.12,0.1087108524136351,0.06887799178952836
1900.01,0.10987261441984586,0.06961407132665443
1900.02,0.11057077774117907,0.07090043157535497
1900.03,0.11196899489137202,0.0717969993793437
1900.04,0.11422956225353254,0.07324652523831432
1900.05,0.10884543713468453,0.06813235066307222
1900.06,0.10829011243203013,0.06695806913654234
1900.07,0.1072970132401938,0.0671631069121954
1900.08,0.1091700999409504,0.06750218404360364
1900.09,0.10714215971611907,0.06706617556733274
1900.10,0.10871065302956318,0.06721809829130176
1900.11,0.11489038373104421,0.07103915661566784
1900.12,0.13184528309347954,0.08051632504155837
1901.01,0.13293136242987558,0.08219427569235638
1901.02,0.13893000955629198,0.08484288208877189
1901.03,0.14736907950246447,0.08999652037519379
1901.04,0.1768697248678972,0.10666200742339349
1901.05,0.14962563178677257,0.09023234621013287
1901.06,0.19081427398052497,0.11507132451866298
1901.07,0.14291036296215864,0.08727363593212623
1901.08,0.14851198385024844,0.09182810377532657
1901.09,0.14508816907707534,0.09081867162140345
1901.10,0.14040193000058743,0.08788529662236488
1901.11,0.1495418947763021,0.09474808790388334
1901.12,0.14026640543694846,0.08994192574355253
1902.01,0.14418201504999573,0.09135212748608978
1902.02,0.14590272991775066,0.09244235336420559
1902.03,0.14662981282117116,0.09290302503718184
1902.04,0.15147038097238053,0.09712616299909005
1902.05,0.1496899577894819,0.09712723072187579
1902.06,0.14701026952152496,0.09651056589121065
1902.07,0.15337407246683732,0.10068832997171562
1902.08,0.1646042713918039,0.10680447293439777
1902.09,0.16440633667574645,0.10793088564710285
1902.10,0.14214813970469642,0.09982966501826862
1902.11,0.13560491776434702,0.09212830319942356
1902.12,0.12991895991377866,0.08925728779531905
1903.01,0.13277975927547736,0.09223651889444184
1903.02,0.13208531454758266,0.09175411732499139
1903.03,0.1292250970798161,0.08680811542869549
1903.04,0.12566261069009954,0.08441498331488706
1903.05,0.12894439913331013,0.08465052794856565
1903.06,0.13187411601435173,0.08657385367955239
1903.07,0.1400884767440047,0.09196648784744799
1903.08,0.14874917321085235,0.09765213633818082
1903.09,0.15473544035604725,0.10276348464631369
1903.10,0.16845790556754636,0.11059069443302505
1903.11,0.16823427919977618,0.1091598253648014
1903.12,0.1472134003778276,0.09552030152855817
1904.01,0.14577571402245937,0.09681311737816678
1904.02,0.13960786467293573,0.09484785579799482
1904.03,0.14144536400901764,0.09501718910037926
1904.04,0.14522963044915826,0.09645045029445587
1904.05,0.14638928789304728,0.09498557117902617
1904.06,0.14702709398039637,0.09539941550042652
1904.07,0.15151259488270874,0.09830985977788931
1904.08,0.15727004312811488,0.1032459902932592
1904.09,0.16919235281949163,0.1123646639143061
1904.10,0.19475017872001743,0.1293382237108105
1904.11,0.22309232396323964,0.15156616443118764
1904.12,0.23168863536098527,0.1574063920269495
1905.01,0.2353758229847358,0.15991142167450523
1905.02,0.2450362078539623,0.1664745676203001
1905.03,0.2580883764256381,0.1733731765565807
1905.04,0.25359648167209237,0.17035570605688122
1905.05,0.23798200401509995,0.15804950668981377
1905.06,0.24141650119464053,0.16033043791904866
1905.07,0.2504864297159628,0.1663539930800333
1905.08,0.2617631726896441,0.17584175383353084
1905.09,0.26707925297908375,0.17737368148958588
1905.10,0.274840207294373,0.18252791576058058
1905.11,0.26952586627978015,0.18105641272285133
1905.12,0.2800521331143475,0.19026395396691953
1906.01,0.28671718673379587,0.19479210892483856
1906.02,0.28555281257071563,0.194001047526017
1906.03,0.2799627702012586,0.1902032419095132
1906.04,0.2781380093504904,0.18896352196647825
1906.05,0.27182732258894404,0.18675156866290976
1906.06,0.2731844493475002,0.18768394569043068
1906.07,0.2801763203997609,0.1860717553355027
1906.08,0.27725707966281554,0.18836502923700138
1906.09,0.2833499923158431,0.19466790549832247
1906.10,0.26714158163892776,0.18761170327565324
1906.11,0.27076561778318187,0.19222242250974553
1906.12,0.265824348135693,0.19074412276082775
1907.01,0.2647950603307301,0.18798379344509542
1907.02,0.25745325901356253,0.18670308983667105
1907.03,0.2620735817688562,0.18805273408503353
1907.04,0.26038119407706084,0.1868383494437964
1907.05,0.26418805240062326,0.1936042313784636
1907.06,0.27223553847268356,0.20157844629990151
1907.07,0.2555558849712014,0.1892278962706424
1907.08,0.27979515471361793,0.2071760097371378
1907.09,0.2841158339317147,0.2103752827219596
1907.10,0.33576408017157355,0.25118215567129454
1907.11,0.39240821025398276,0.2815752595801877
1907.12,0.3534549016747306,0.24822895682317725
1908.01,0.3679279246396625,0.2555840676168888
1908.02,0.3612535850139462,0.24818944999312365
1908.03,0.3729655791930995,0.256235857044099
1908.04,0.39023047660448995,0.27107671323488525
1908.05,0.42083223737326314,0.2923344704469315
1908.06,0.42388509038772604,0.29445515914441955
1908.07,0.4475976305558813,0.3143447505833681
1908.08,0.48629403373359636,0.3415209695241703
1908.09,0.4773032912170674,0.3352068326275859
1908.10,0.4861208756625146,0.3451078209908882
1908.11,0.5515397584148332,0.39576121647386486
1908.12,0.5765673380078429,0.41812212406017757
1909.01,0.5860738154755705,0.4205413709842425
1909.02,0.571427524143612,0.41439477124547963
1909.03,0.5766971033423758,0.4182162288658553
1909.04,0.5804421979218706,0.4297919260667271
1909.05,0.5919208505312259,0.4428107829379542
1909.06,0.5983987723110751,0.4522257386890658
1909.07,0.6100496051942237,0.4610305804613457
1909.08,0.6235063944701302,0.475960811599915
1909.09,0.6205611209390955,0.47844656337919567
1909.10,0.614085671800181,0.48283135860687487
1909.11,0.6066268023582833,0.48159844540372276
1909.12,0.6127049051389957,0.4911019346854353
1910.01,0.6125483781038099,0.48629955927192015
1910.02,0.6038080686309417,0.47936066465316074
1910.03,0.5985884850946377,0.48435362576240415
1910.04,0.5886931855922697,0.48084152464597096
1910.05,0.5987534026461958,0.4799193738661671
1910.06,0.5998816850750508,0.47624352540177206
1910.07,0.6024884962604382,0.4783130617451441
1910.08,0.6056364706980055,0.47618808481847275
1910.09,0.6124819113244797,0.4768939783413
1910.10,0.629231030667933,0.4755264897200888
1910.11,0.6440427206583443,0.4768853166982723
1910.12,0.6438416834447036,0.47673645748098714
1911.01,0.6556343624001517,0.4854684177345572
1911.02,0.6878346037687049,0.4935605373268217
1911.03,0.6766713328854976,0.49071675820955996
1911.04,0.6991687885544717,0.4910214519698979
1911.05,0.7134057430548211,0.5010199676142317
1911.06,0.7288606293496969,0.5118738284168991
1911.07,0.7209899536824302,0.5118465063500182
1911.08,0.6688081819597791,0.4901209302667393
1911.09,0.638563354220528,0.4728280867736334
1911.10,0.6424693374902191,0.47572029564245
1911.11,0.6634986464848271,0.48622995743408204
1911.12,0.6751437885933189,0.48960899503614286
1912.01,0.6711139032535254,0.4918106259013193
1912.02,0.6624745042370801,0.4905332420102422
1912.03,0.6617829808473488,0.5001268572288851
1912.04,0.6597789396287244,0.5137206463207153
1912.05,0.6617269999052038,0.5152374555490713
1912.06,0.6709590827760046,0.5173028997312237
1912.07,0.6743910362750469,0.5199489023599568
1912.08,0.686040461318532,0.5341685343715952
1912.09,0.6864450186146183,0.5397246608523432
1912.10,0.68800612873431,0.5409521002059012
1912.11,0.6820586702392433,0.5362758480194358
1912.12,0.6632906718720868,0.5164549702728891
1913.01,0.6553639987192632,0.5152868800147381
1913.02,0.6452550692852075,0.5073386272597151
1913.03,0.6441586105140207,0.506476524946537
1913.04,0.6474141064988359,0.5090361931190213
1913.05,0.653287332651475,0.5084127111840786
1913.06,0.6473972569948465,0.5090229450181845
1913.07,0.6428801909325799,0.5106292249799154
1913.08,0.6443784663848291,0.5118192806757982
1913.09,0.6414942628838407,0.5146751565553913
1913.10,0.6439359172600323,0.5166341122640077
1913.11,0.6430445210722269,0.5210781285054331
1913.12,0.6533069424709996,0.5241525487436345
1914.01,0.6727493270019451,0.5397513044632714
1914.02,0.6897203379736485,0.5478335879683414
1914.03,0.6812194841324946,0.5410814987458092
1914.04,0.6779455326208872,0.5330418500357545
1914.05,0.6766526234700851,0.5374541159868933
1914.06,0.6770662016167872,0.5377826143470799
1914.07,0.6470244287225935,0.5191120457584777
1914.08,0.6366819964098962,0.5210305276921012
1914.09,0.6390339790596506,0.5229552794017991
1914.10,0.6477429811693245,0.5248854306657336
1914.11,0.6437566944371707,0.5268201270010167
1914.12,0.6401655622442206,0.5187452224173068
1915.01,0.6495570219065829,0.5263554019063381
1915.02,0.6529964441420137,0.5239034338484103
1915.03,0.6734540327002723,0.5349135276333303
1915.04,0.7082514046727102,0.5682348598751279
1915.05,0.6856025641921217,0.5555641784367626
1915.06,0.6965692405050525,0.564450802895573
1915.07,0.6968312656709976,0.564663129691958
1915.08,0.7311111907990888,0.5924411740507978
1915.09,0.768265806363253,0.6225486656926353
1915.10,0.8235700754999833,0.6739709202534421
1915.11,0.8651175714555812,0.714912328462372
1915.12,0.8710141766665238,0.7197851410146416
1916.01,0.8580696796389518,0.7159724710662143
1916.02,0.8545351082482426,0.7130232282799707
1916.03,0.8477452625896191,0.7141593051354604
1916.04,0.8382085916570894,0.7128504070631223
1916.05,0.840568833053899,0.7216016030586676
1916.06,0.839888460864044,0.7277560067213429
1916.07,0.8360441537624208,0.7244249482353027
1916.08,0.8346206278367063,0.7298876928345095
1916.09,0.8419368927452009,0.74979570378426
1916.10,0.8504065889981351,0.7709842187327212
1916.11,0.8572691286240559,0.7909616980070364
1916.12,0.8181759986463675,0.7614565960857629
1917.01,0.80286868395428,0.7536519182376669
1917.02,0.7632340089824279,0.734817327211319
1917.03,0.7706310576765905,0.7419389694425718
1917.04,0.7316428789102183,0.7396225159624663
1917.05,0.7136952335598643,0.7329311748632978
1917.06,0.7072832853136699,0.7376955705726225
1917.07,0.7139304586689921,0.7331727399004233
1917.08,0.7002300056267519,0.730339008794493
1917.09,0.6826414523646278,0.7284248047167097
1917.10,0.6769382098535548,0.7332012989756187
1917.11,0.6943517823405028,0.752062184328798
1917.12,0.6965792951164733,0.7656522397147949
1918.01,0.7101375061514332,0.7976473284667822
1918.02,0.7287919969751808,0.8244477482450527
1918.03,0.7246982096021224,0.8140023387393462
1918.04,0.7132718621018359,0.8126131853677947
1918.05,0.7235678526495803,0.8417588560211673
1918.06,0.7198228622719061,0.848952515521642
1918.07,0.7116387505321562,0.862138350822736
1918.08,0.7097478463208091,0.8769306161958106
1918.09,0.6968337662033495,0.877746826572313
1918.10,0.7209925896013445,0.9255315170181806
1918.11,0.7354339290372298,0.9617710383015741
1918.12,0.7115713549123477,0.9419824891210986
1919.01,0.7126227458520216,0.9433743268441273
1919.02,0.7301512815773084,0.9490045507409128
1919.03,0.7376409039225873,0.9705753741929755
1919.04,0.7457997806123533,0.9992614908050577
1919.05,0.7863703374483038,1.0662382454866854
1919.06,0.8152365549721896,1.1053779022880548
1919.07,0.8289983643027075,1.1572930647323574
1919.08,0.7449185871042747,1.0578461403944583
1919.09,0.7586425712330769,1.0834219757591121
1919.10,0.797434708159491,1.1580148743178675
1919.11,0.7526770735884991,1.1171740641064112
1919.12,0.7125222846564352,1.08044007544067
1920.01,0.6958895173760684,1.0775514908785162
1920.02,0.6588993220007016,1.0308467371973773
1920.03,0.6662474897065973,1.0530336283443624
1920.04,0.6465868437253732,1.0530847658024456
1920.05,0.6201205394138096,1.0249053617388775
1920.06,0.6109744608372214,1.0244948309848247
1920.07,0.6160921039382465,1.0281332542752306
1920.08,0.6289509811110765,1.0243615425708938
1920.09,0.6417580014103095,1.0297735114938185
1920.10,0.647586883240546,1.0339309805254189
1920.11,0.6468139178504817,1.0275074399137676
1920.12,0.6618178133016333,1.0301029025159512
1921.01,0.6970557174751981,1.0625797211692625
1921.02,0.7207365582602367,1.0639832797474007
1921.03,0.7161740902018465,1.0515020491679348
1921.04,0.731286900030975,1.0619566705143875
1921.05,0.767382929245727,1.0897473683168286
1921.06,0.7322876939760121,1.0340340318081669
1921.07,0.7330387228028723,1.0409757483580417
1921.08,0.7354660923861811,1.0444228143723269
1921.09,0.7559066296865335,1.0613206923252054
1921.10,0.765942452775203,1.0754113568202825
1921.11,0.7944520910506139,1.10906599436818
1921.12,0.8220767597805203,1.1410348330000915
1922.01,0.8465266256361126,1.1478040575701733
1922.02,0.8610717010686706,1.1675257013951494
1922.03,0.8972856297151246,1.2022301418362993
1922.04,0.9458383376178521,1.267283595246628
1922.05,0.9884188628602981,1.3243352064687386
1922.06,0.9825835807396466,1.3165167907722832
1922.07,0.9895411948830812,1.3337781210017994
1922.08,1.0503973058608604,1.398949752689667
1922.09,1.0908774268822334,1.452862357925536
1922.10,1.1224800218840425,1.5039573478363835
1922.11,1.0425952294212042,1.405288342975112
1922.12,1.0388759320425525,1.4086101653499696
1923.01,1.05802404098449,1.4260844567726778
1923.02,1.0929570189443325,1.4731697544290157
1923.03,1.112330493382311,1.4992827818267465
1923.04,1.0780841285089746,1.461772494367505
1923.05,1.0466348060678285,1.4191304098628947
1923.06,1.0242772819063806,1.3970337251144507
1923.07,1.004066710681828,1.3855794834472768
1923.08,1.0169085540445781,1.395142084986606
1923.09,1.018407354802946,1.405369107047239
1923.10,1.0132674362998042,1.4064056989902696
1923.11,1.0269371212638596,1.4253790935237554
1923.12,1.045435002763183,1.4510539795685489
1924.01,1.071503301878579,1.4872365342677867
1924.02,1.0865590832873586,1.4994162811491947
1924.03,1.0829826734316281,1.4857921088443646
1924.04,1.078170654360802,1.4705400502170143
1924.05,1.0813894698540043,1.4749302616161764
1924.06,1.0985050648997081,1.4982745883201076
1924.07,1.1300102842779491,1.5503113803040414
1924.08,1.1737075044080392,1.6008448064240142
1924.09,1.1621019967285413,1.594339428294223
1924.10,1.1476288640345942,1.5836905971500883
1924.11,1.207648884262987,1.6665162776948428
1924.12,1.2734849050137136,1.7675851052016114
1925.01,1.3108888134995098,1.8195013793996964
1925.02,1.3326381709407933,1.8389974379893346
1925.03,1.3039975420814294,1.8099363592989235
1925.04,1.3080781349398727,1.805105385166982
1925.05,1.333200266861045,1.8504694674249187
1925.06,1.3416285988792112,1.8836958659778418
1925.07,1.3623523493349978,1.9346532621820138
1925.08,1.385006778720168,1.9668244297469144
1925.09,1.421472321626677,2.018608523322815
1925.10,1.475659163935056,2.095558330977518
1925.11,1.5079494222639909,2.1777083129101626
1925.12,1.5525683724788486,2.2296885028581066
1926.01,1.5732433510622101,2.259380439690851
1926.02,1.581987824911291,2.271938632392999
1926.03,1.5279229980102151,2.182035936398016
1926.04,1.5095431577602234,2.1678987431981476
1926.05,1.5291261061173778,2.1837541022536406
1926.06,1.5700434432525476,2.2295918311725593
1926.07,1.6283049845929867,2.2862000486507945
1926.08,1.685761803517316,2.3533465541180405
1926.09,1.702819866170504,2.390821681268541
1926.10,1.670295967036953,2.358557828181553
1926.11,1.684075760505337,2.391527173872266
1926.12,1.720784446798774,2.443656551211891
1927.01,1.7415952361021994,2.44526372588739
1927.02,1.7776565379986558,2.4816328614018275
1927.03,1.8124424007180338,2.51565305480446
1927.04,1.850565837410251,2.568568027405199
1927.05,1.8970106935355808,2.648252896371446
1927.06,1.904791346260616,2.6896793319480636
1927.07,1.9862528586389345,2.7569003403747345
1927.08,2.1140789749690363,2.917360393429682
1927.09,2.250508950047177,3.1236853170109242
1927.10,2.2010295888529043,3.0726674359517077
1927.11,2.287803814417405,3.1754502389992325
1927.12,2.3694324307760297,3.2887499929779977
1928.01,2.383099605879746,3.30771990384887
1928.02,2.3995479217839097,3.292046543721135
1928.03,2.481377204399049,3.404311776918931
1928.04,2.6069185465518174,3.576547529235519
1928.05,2.6761363420939936,3.69298132391539
1928.06,2.5641491186004792,3.5178702483252735
1928.07,2.5897479235932046,3.5529903877209748
1928.08,2.6767577638896185,3.672363058471632
1928.09,2.84697596854582,3.9515759449182113
1928.10,2.945256220777786,4.064358024810957
1928.11,3.2099685649312164,4.429652471058617
1928.12,3.25929556896439,4.471572588889153
1929.01,3.4112438380312256,4.680037179016615
1929.02,3.437020636049702,4.715401514962785
1929.03,3.5181943071771045,4.798540576321571
1929.04,3.5326953014710725,4.789975741330849
1929.05,3.5674420570544214,4.865710637280614
1929.06,3.616642598456359,4.9618328761158565
1929.07,3.87556959049207,5.37925424585417
1929.08,4.131801663132727,5.734901959691591
1929.09,4.344284680056859,6.029826394480523
1929.10,3.7480258729744236,5.202224762066315
1929.11,2.6955564289821226,3.7414070440419422
1929.12,2.740171026858505,3.781347111262818
1930.01,2.791856252685669,3.830271795691978
1930.02,2.9306129528949825,3.9971257810498173
1930.03,3.0518001619467228,4.137930813627591
1930.04,3.2299351990187333,4.405377804109065
1930.05,3.036586841713728,4.11730309777824
1930.06,2.763927946733901,3.7254301715198466
1930.07,2.768541166970742,3.6872238335291954
1930.08,2.7741859744106847,3.67248427219522
1930.09,2.7656108598137905,3.6833211650344495
1930.10,2.5891067602310684,3.427475282367375
1930.11,2.6067395531410966,3.4299036343557603
1930.12,2.6958488413695676,3.4822651934140936
1931.01,2.7905495561686067,3.559813881969383
1931.02,2.987503911487714,3.763124298594171
1931.03,3.0736376461114787,3.8469602053318113
1931.04,2.8113257348419367,3.496095560722736
1931.05,2.660641788928068,3.2660156948878267
1931.06,2.6670985449451763,3.2311449303474404
1931.07,2.7008398387572754,3.2720219390545253
1931.08,2.672150277362128,3.237265019018139
1931.09,2.5536658001622428,3.073234839810098
1931.10,2.6165336179310046,3.1279011236153167
1931.11,2.6287783050807505,3.1003571459279655
1931.12,2.8597772718951795,3.349851034401656
1932.01,2.905243259782747,3.3331815434460808
1932.02,2.9522199668828364,3.339706135800917
1932.03,2.9992095884860035,3.3688004013938695
1932.04,2.624295072977212,2.926630497566066
1932.05,2.7076332107017933,2.976122670647726
1932.06,2.86270143773503,3.1235998486706364
1932.07,2.793570058621448,3.048168033640568
1932.08,2.1495966310557755,2.328258353897116
1932.09,2.2436479286952284,2.4121256995274365
1932.10,2.0738494824840643,2.2129382841571115
1932.11,2.0989402763956555,2.222871926955797
1932.12,2.121482716252032,2.229724583837264
1933.01,2.218009161531697,2.2955855091263473
1933.02,2.068090187749288,2.107238166377666
1933.03,2.0925125466187815,2.1153344603291586
1933.04,2.1674431836758608,2.191082325715861
1933.05,2.591683319918829,2.61994942192495
1933.06,3.2654395171965334,3.3272527578321203
1933.07,3.660803865526532,3.8475846694577527
1933.08,3.2846374274887253,3.478578409258496
1933.09,3.241206731041551,3.432583353093115
1933.10,2.642857473196841,2.798904642586038
1933.11,2.766949998187833,2.930324194275819
1933.12,2.87555200130042,3.045338588274994
1934.01,2.98510595020079,3.1613611355749
1934.02,3.1471205050852618,3.358191377619683
1934.03,2.99250529931151,3.193206449321167
1934.04,3.0458931631329875,3.250174926907306
1934.05,2.779063533280663,2.965449584863478
1934.06,2.78916562682209,2.998606868150034
1934.07,2.726766361834791,2.9315219798382586
1934.08,2.6980853928917483,2.9006873282023875
1934.09,2.655380539901195,2.89738431792631
1934.10,2.69081729431376,2.914462068736988
1934.11,2.7166288339674196,2.9424189104799297
1934.12,2.7542175148679178,2.96103446745542
1935.01,2.725440133263618,2.9738289419936947
1935.02,2.666837919446259,2.931282110013022
1935.03,2.5938657039216153,2.8510739547533106
1935.04,2.6341748512550325,2.9165143271265563
1935.05,2.75147049157988,3.0463820978077365
1935.06,2.865606532205611,3.1497606588460627
1935.07,3.015652003440586,3.3146846695301733
1935.08,3.25133461672322,3.573737618687254
1935.09,3.3515464742449765,3.6838865043854483
1935.10,3.4845855060145894,3.830117713607443
1935.11,3.936918165039664,4.358889930025846
1935.12,3.9481359719261775,4.37131009814334
1936.01,4.091307700098895,4.529827440398073
1936.02,4.282861826510533,4.741912964574098
1936.03,4.412698049824023,4.850262086052865
1936.04,4.4314656991473385,4.87089073930067
1936.05,4.206942699556414,4.624103993399011
1936.06,4.34116644083192,4.806466858149072
1936.07,4.574671839868785,5.101703029045375
1936.08,4.6611077918049375,5.235493331394416
1936.09,4.740817148253591,5.325025224407142
1936.10,5.064755371481695,5.688882162124031
1936.11,5.27608482195312,5.926253615025331
1936.12,5.16784923018092,5.804680215684684
1937.01,5.2419552523623665,5.929974838017614
1937.02,5.367075304878277,6.071517206738974
1937.03,5.342674009538008,6.086777813551976
1937.04,5.078201756409811,5.826213798574102
1937.05,4.926034647853221,5.691154593876327
1937.06,4.857452755614453,5.611920447352105
1937.07,4.94416432017551,5.751767559727554
1937.08,4.9887354624976865,5.803619163741303
1937.09,4.575346904088676,5.359414073967677
1937.10,4.514919470396471,5.288631323419423
1937.11,4.6753278204473006,5.439018031622751
1937.12,4.751366922906641,5.489357185556223
1938.01,4.917523333965676,5.602414048353019
1938.02,4.897995192819884,5.540869170346973
1938.03,4.7224684177246345,5.342304072095857
1938.04,4.625541912963271,5.2697667574731994
1938.05,4.694377653172687,5.310526325252518
1938.06,4.756958860386426,5.381321470621792
1938.07,5.199750431611378,5.882230530207323
1938.08,5.250764105837504,5.9399398752879335
1938.09,5.051282667206948,5.714276004693538
1938.10,5.5733394606810975,6.2601387660022
1938.11,5.597910540806446,6.287737725710365
1938.12,5.439756362057615,6.110094301624052
1939.01,5.4094041177318175,6.0760017682911
1939.02,5.441772820001859,6.068699537577437
1939.03,5.457336155960064,6.086055868474887
1939.04,5.141844760234612,5.692964498518265
1939.05,5.193861017827913,5.750556028724418
1939.06,5.236907484245627,5.79821635620025
1939.07,5.296541704529091,5.864242367252956
1939.08,5.283986737597878,5.850341717903881
1939.09,5.3868719729207015,6.093912236401842
1939.10,5.479276225180534,6.154484173963304
1939.11,5.434131409202266,6.103776189175463
1939.12,5.374678683924124,6.03699713993867
1940.01,5.415023315287357,6.038868320387579
1940.02,5.377561361161511,6.04023504777669
1940.03,5.38181422705788,6.045011991806803
1940.04,5.433445081811051,6.10300528606826
1940.05,5.017362231239694,5.635648793411306
1940.06,4.9241714955863785,5.570481177562733
1940.07,4.9699008954477435,5.5823388254516
1940.08,4.992432078701604,5.607646513010643
1940.09,5.031348989096898,5.651359131116408
1940.10,5.061092128746942,5.684767500166856
1940.11,5.10908949828039,5.7386795569870515
1940.12,5.030536156319641,5.690806462964254
1941.01,5.0595870757318835,5.72367038736693
1941.02,4.878662059592486,5.51899851558948
1941.03,4.864401766233556,5.541893945626235
1941.04,4.764941229455779,5.466810432533222
1941.05,4.694394998218044,5.42353628617321
1941.06,4.665775564849447,5.502773126900259
1941.07,4.795407641793915,5.65566001558139
1941.08,4.730434781964647,5.65493680963899
1941.09,4.69202931200217,5.684314422221206
1941.10,4.516670328188688,5.544345068127797
1941.11,4.372635089684088,5.402619540831701
1941.12,4.213732680956596,5.240094357402022
1942.01,4.222328602535889,5.31853608618011
1942.02,4.1277208537442505,5.232483108993485
1942.03,3.9625246479025407,5.086656231269913
1942.04,3.8797060790425206,5.011469943123039
1942.05,3.8621825876923523,5.050807707957993
1942.06,3.955200101337809,5.172452286956627
1942.07,4.0291229891181715,5.301451603398675
1942.08,4.00821152197075,5.306094800366061
1942.09,4.0546146853023615,5.367523590320076
1942.10,4.232155980067212,5.670463580036369
1942.11,4.289664261944232,5.781932443651982
1942.12,4.307424716076035,5.840430078705445
1943.01,4.478932898665036,6.072977741024076
1943.02,4.70263661708676,6.376297244418367
1943.03,4.793978245826423,6.615534436948991
1943.04,4.922796885717425,6.872291840670556
1943.05,5.130979294135777,7.204083524200229
1943.06,5.26357894961432,7.390258314349808
1943.07,5.454473782877159,7.614520067235176
1943.08,5.161325503911684,7.163871395643596
1943.09,5.286095545623866,7.379461743098474
1943.10,5.2508123753996045,7.330205954473797
1943.11,4.9772894470471485,6.948364202236036
1943.12,5.075664158875419,7.085696646600553
1944.01,5.191421791598778,7.247295886489596
1944.02,5.187357349702729,7.2416218699645185
1944.03,5.3060776832409005,7.407357080747502
1944.04,5.227457715892825,7.339542774526038
1944.05,5.313854377338458,7.460846862807529
1944.06,5.494493240820674,7.758553155113688
1944.07,5.611385558156357,7.968632623379364
1944.08,5.5557948361165685,7.889689190137744
1944.09,5.4945483748343875,7.802714138364578
1944.10,5.63609312774161,8.003719420214296
1944.11,5.621794597898294,7.983414322623872
1944.12,5.726784003802663,8.17845435441457
1945.01,5.849536925080784,8.35375853261958
1945.02,6.004391755759265,8.574907638893478
1945.03,6.02358395276535,8.602316129779638
1945.04,6.162266936623233,8.800370125261665
1945.05,6.34336020913625,9.10988371173427
1945.06,6.401818885810066,9.296562360029952
1945.07,6.297241302410676,9.144697391202328
1945.08,6.33995133895796,9.206719845327186
1945.09,6.765124122963101,9.824145200651188
1945.10,7.095240870310278,10.303532540803133
1945.11,7.392183380152574,10.734745077323268
1945.12,7.53068916083177,10.996298956474547
1946.01,7.734635624403154,11.294101220869038
1946.02,7.812471441431185,11.345076959643947
1946.03,7.5843377711866395,11.135486213605859
1946.04,7.872009610499532,11.621009795590282
1946.05,7.863852097129609,11.672059526134646
1946.06,7.760802614741181,11.643637417426234
1946.07,7.184438279269898,11.412963728553208
1946.08,6.962134472958908,11.28324986121737
1946.09,6.219569484041521,10.17960485316263
1946.10,6.073414131668457,10.135301192529496
1946.11,5.9371292304785825,10.14603915897331
1946.12,5.934995218492375,10.237626048169247
1947.01,5.97120206407714,10.300081388373343
1947.02,6.130263728554532,10.574456308583052
1947.03,5.859506203635654,10.295455406737204
1947.04,5.739457116462766,10.084522952592664
1947.05,5.698614909363549,10.012761082685984
1947.06,5.787135654350422,10.214727187339449
1947.07,5.967836934775718,10.629439173261062
1947.08,5.819148819736824,10.504669927669312
1947.09,5.604472625356962,10.34196388548645
1947.10,5.719180111583476,10.553634235089405
1947.11,5.6648720134273916,10.498868854248855
1947.12,5.548264175606064,10.41629851158288
1948.01,5.451038206191988,10.364968835466954
1948.02,5.363485791341255,10.11242760112735
1948.03,5.4420296415289044,10.21685403955287
1948.04,5.574853661551266,10.64512725360568
1948.05,5.759889821945919,11.044663932354439
1948.06,5.92746441151462,11.461103285978012
1948.07,5.751840768653032,11.259966792006537
1948.08,5.608711229414503,11.024771409310063
1948.09,5.582360649163249,10.972975352802592
1948.10,5.746140286278674,11.248807365865346
1948.11,5.550030915748309,10.775841552522763
1948.12,5.572231104187793,10.774238660020345
1949.01,5.656933585451938,10.892629962901324
1949.02,5.588211690951326,10.67063427701001
1949.03,5.6384279569524764,10.766521734194725
1949.04,5.63286600539405,10.801094105745022
1949.05,5.655137182215107,10.798427832547887
1949.06,5.477677557800234,10.503518231406801
1949.07,5.680959074393122,10.80215576085321
1949.08,5.800814393120866,11.076597008312547
1949.09,5.854800078818684,11.22665558901754
1949.10,6.044265606673719,11.492971114253692
1949.11,6.116751421657995,11.679875601273508
1949.12,6.341872584289867,12.007979667940404
1950.01,6.474287522203483,12.206756274596685
1950.02,6.582819556196583,12.411384827529574
1950.03,6.6207363196683815,12.535992493812444
1950.04,6.791475606652426,12.85927774739855
1950.05,6.9861904695937795,13.284010083385823
1950.06,7.097954988065453,13.553473987924775
1950.07,6.547068135125123,12.659143759891549
1950.08,6.847656988934304,13.350228524641551
1950.09,7.094362054165842,13.888124576697066
1950.10,7.392855855539082,14.591091275282764
1950.11,7.396583802418959,14.657792317809339
1950.12,7.325852961452313,14.69395261185582
1951.01,7.558312315252465,15.402775254627983
1951.02,7.7260068202117935,15.93047183663279
1951.03,7.622042070228716,15.777256135664373
1951.04,7.749393684775285,16.04086777982465
1951.05,7.764396270241036,16.134216674466927
1951.06,7.685066330958193,15.969371091550585
1951.07,7.845694811909468,16.303152962742786
1951.08,8.207743466480466,17.05548079819033
1951.09,8.407738946291985,17.605977993951626
1951.10,8.375952866936615,17.606618123634576
1951.11,8.105813064488288,17.16883944610686
1951.12,8.377413768310646,17.81132666234754
1952.01,8.574964807792824,18.231342456483617
1952.02,8.564481429196903,18.071626791334268
1952.03,8.609817093831808,18.167288066146085
1952.04,8.592348559129036,18.199365283041715
1952.05,8.62231428688385,18.262835383402376
1952.06,8.781785363191162,18.671066287079327
1952.07,8.938171303484353,19.146983534461242
1952.08,9.004742919305059,19.289590516214275
1952.09,8.922837118122374,19.114135272252838
1952.10,8.808123164115457,18.868399750526265
1952.11,9.05920410323364,19.40625502806367
1952.12,9.407599452131706,20.15257323816934
1953.01,9.50378335159786,20.282364945689068
1953.02,9.511599487981684,20.222733441041612
1953.03,9.548256445697461,20.377276571030393
1953.04,9.28107152788148,19.807067654155475
1953.05,9.21688735308203,19.74403761087561
1953.06,9.011574637204617,19.376525610460618
1953.07,9.179156319983079,19.736856728930746
1953.08,9.189254535661831,19.832295737010497
1953.09,9.035776206595344,19.501058028940037
1953.10,9.240316287598574,20.016633147294698
1953.11,9.385198275763926,20.25518251051753
1953.12,9.518224778654073,20.54228098362421
1954.01,9.736047593760858,21.012387287753796
1954.02,9.91378884101971,21.395989348902845
1954.03,10.125062212836752,21.851960611312734
1954.04,10.517993690906636,22.615600749852376
1954.05,10.843434609184754,23.40235555993317
1954.06,10.965743943809088,23.66632418614259
1954.07,11.43126983024041,24.671024514891883
1954.08,11.70889397557579,25.2701943531697
1954.09,12.095886129279634,26.008356674711564
1954.10,12.466504161321055,26.80525289747598
1954.11,13.100293960657254,28.16801631817563
1954.12,13.964213975929525,29.913565760882648
1955.01,14.108964037345658,30.22364339851603
1955.02,14.447104305449486,30.947993595652946
1955.03,14.399297314422412,30.845583422593194
1955.04,14.783839142540629,31.669333136186253
1955.05,14.778436254109423,31.657759290450002
1955.06,15.513641078558734,33.23268487536237
1955.07,16.537827616677106,35.55933932267004
1955.08,16.489621398609316,35.45568718011134
1955.09,17.27550906523139,37.2840912676275
1955.10,16.313212398190842,35.20725772107335
1955.11,17.524814530862997,37.82214358776639
1955.12,17.854129099827134,38.38962708326238
1956.01,17.653435819979464,37.95810000465826
1956.02,17.806086227883355,38.28632616460004
1956.03,18.436370408177652,39.641551866323596
1956.04,18.466133173245282,39.853702255124915
1956.05,18.0589885869843,39.11988922305517
1956.06,17.944781781512603,39.16043560694084
1956.07,18.440947001681792,40.53911011506062
1956.08,18.40171407402815,40.30522538136984
1956.09,17.875951175426678,39.29706826043042
1956.10,17.711991765354128,39.07873744316959
1956.11,17.571586718930945,38.76895568527607
1956.12,17.70798607920665,39.21197188558352
1957.01,17.608417041675594,38.99148954033666
1957.02,17.275583087426767,38.39307633193056
1957.03,17.302347064646895,38.591374209623496
1957.04,17.42505446998088,39.00486474445984
1957.05,17.682859911813495,39.72381643310126
1957.06,17.7428003082766,40.00082174360756
1957.07,17.856210177644414,40.54302538638592
1957.08,17.179334847364316,39.00616098873667
1957.09,16.798566913057343,38.141616728037036
1957.10,16.249039805069557,36.89390003630882
1957.11,16.289796126937503,37.11713253539875
1957.12,16.803155352551457,38.286847752636675
1958.01,17.00483527739624,39.019247634496026
1958.02,17.117425431167177,39.27759668754646
1958.03,17.309069069244117,39.99508529323066
1958.04,17.41633011155315,40.38265969355194
1958.05,17.81113197044158,41.29807350413972
1958.06,18.151203032754154,42.08658485486808
1958.07,18.448032102992585,42.922842251746204
1958.08,19.092747457094532,44.26971228934849
1958.09,19.63679996842791,45.5311885751031
1958.10,20.538197108163132,47.621227849136005
1958.11,21.209760112710143,49.3485257632197
1958.12,21.837421379681047,50.63369553241142
1959.01,22.23204984195283,51.72707652347924
1959.02,22.17017449799755,51.4052390121729
1959.03,22.584544599049195,52.3660250486555
1959.04,22.76512062458295,52.96736670641599
1959.05,22.999403100638744,53.51246927919715
1959.06,22.814482792954834,53.26525927244376
1959.07,23.489426097815482,55.02951511963062
1959.08,23.42920601119451,54.88843537790285
1959.09,22.55574569006498,53.023115037323294
1959.10,22.576499813745357,53.25303574843207
1959.11,22.71419629538221,53.5778316964105
1959.12,23.30265957703682,54.96588814595424
1960.01,23.188840423285683,54.51136797873994
1960.02,22.85633573357552,53.9131076092321
1960.03,23.025685421848095,54.31256656336433
1960.04,23.109869629242382,54.69655077195239
1960.05,23.020671298280433,54.485435732512315
1960.06,23.592689578979133,56.02857708841606
1960.07,23.662842762735693,56.19517882540515
1960.08,23.965230648059332,56.913298007482354
1960.09,23.76385083205318,56.43505560500506
1960.10,23.408147145432537,55.96593084544048
1960.11,23.659757073448645,56.56749848528352
1960.12,24.052801191494552,57.50721745548219
1961.01,24.866716435686413,59.45318626657536
1961.02,25.67854294676573,61.39416117993693
1961.03,26.373508529047342,63.055736334787355
1961.04,26.984872445320406,64.5174304384239
1961.05,27.31030932091676,65.29550900914643
1961.06,27.014969100925697,64.58938775037268
1961.07,26.828490472647417,64.5740344056075
1961.08,27.770534502179288,66.61865430185156
1961.09,27.557749755219334,66.32930326992988
1961.10,27.914229975939236,67.18732269749165
1961.11,29.12941791182314,70.11218303061594
1961.12,29.457932320683,70.90289098200367
1962.01,28.862400159344844,69.46949262084348
1962.02,29.149845277369707,70.39522123532674
1962.03,29.365361236384956,70.91568003949072
1962.04,28.945052715276404,70.13288692827342
1962.05,27.97668721085853,67.78656995678148
1962.06,26.88652940348865,65.14515434112104
1962.07,26.78682887397244,65.11849584677259
1962.08,27.066404740074717,65.79814180118154
1962.09,27.009888500578995,65.87745357449904
1962.10,27.002980420554536,65.86060468150595
1962.11,27.398159449771185,66.82445124274875
1962.12,27.893820213744732,68.03337400326541
1963.01,28.65144605584402,69.88123284350706
1963.02,28.912705108624124,70.51844691864375
1963.03,28.81792040152851,70.51847395192311
1963.04,29.806380175653203,72.93727009900499
1963.05,30.373331024246966,74.32461894623356
1963.06,30.316811550487017,74.429547603802
1963.07,29.926683800805762,73.7118649283612
1963.08,30.668527304122364,75.53908602904932
1963.09,31.381440145546605,77.29504854806873
1963.10,31.42068919097079,77.64381245076612
1963.11,31.346489375982657,77.46045693988583
1963.12,31.90780458496056,79.10352404555272
1964.01,32.548236902733265,80.69123758170628
1964.02,32.921445290734255,81.61646885594291
1964.03,33.35575496274015,82.69317801940974
1964.04,33.78306842769794,83.75254269178231
1964.05,34.139370517137365,84.63586109196888
1964.06,33.99288901335481,84.5454419620338
1964.07,34.87768226923697,87.02588222643874
1964.08,34.67857040175954,86.2508349930597
1964.09,35.10771226022109,87.59984705441673
1964.10,35.68644343724577,89.0438819780602
1964.11,35.88855911557306,89.8361320625852
1964.12,35.45797168385036,88.75828691265417
1965.01,36.09635222089884,90.3562791320627
1965.02,36.34699661435039,90.98369141569174
1965.03,36.35473812724328,91.29474645346886
1965.04,36.66326875434305,92.36368661130564
1965.05,37.12403618075655,93.52447176821886
1965.06,35.7678220126019,90.6817738688178
1965.07,35.85026364153674,90.89078724262106
1965.08,36.30607755932738,92.04640735851149
1965.09,37.15384657617665,94.19574701502825
1965.10,37.67496227935732,95.81919479731141
1965.11,37.936721579422596,96.48493044362704
1965.12,37.671698435341284,96.11313638995898
1966.01,38.18974034900546,97.43483504363599
1966.02,37.65780189073348,96.68194379298802
1966.03,36.62388607226836,94.32132334946186
1966.04,37.30039309609438,96.66212974550763
1966.05,36.19325807302275,93.79304391656626
1966.06,36.006023276113694,93.59671291488564
1966.07,35.67851319225349,93.0316101520358
1966.08,34.19661627792061,89.71629214053166
1966.09,33.84958921042207,88.80585171814198
1966.10,33.94154364911745,89.59172870874909
1966.11,34.38287403097715,90.7566595749247
1966.12,35.06138947070946,92.54766153493051
1967.01,36.277239163360576,95.75700513287393
1967.02,37.12375546217899,97.99146032958822
1967.03,37.80972837653465,100.10549694909048
1967.04,38.22898370887469,101.52223617328309
1967.05,38.5376278397855,102.65107237975803
1967.06,38.04606503160238,101.6469631598286
1967.07,38.49072372466975,103.14376316843891
1967.08,38.94778707092962,104.68103855775291
1967.09,39.41147069294408,106.24349465908153
1967.10,39.293171628158774,106.2398416431513
1967.11,38.08998873248666,103.29230598528704
1967.12,39.071850039344895,106.26839032084752
1968.01,39.11388936592985,107.01035643652222
1968.02,38.090789223023506,104.51689659611782
1968.03,37.51495744625649,103.23786315620112
1968.04,39.03270240252837,107.72772577176454
1968.05,39.3003083320055,108.78160978585856
1968.06,40.04177815292181,111.47648299139064
1968.07,40.109673513951975,112.30910917938172
1968.08,39.660555103818865,111.36975427306618
1968.09,40.38372128556904,113.72445938186331
1968.10,40.78703741824506,115.51471084598381
1968.11,41.118407567222505,116.78309414518992
1968.12,41.16369406202645,117.24197438084047
1969.01,40.13704572750626,114.6399082575773
1969.02,39.748216554371396,114.16713496345733
1969.03,38.962458964953356,112.84803167917278
1969.04,39.47830525786662,114.97556554516837
1969.05,39.97453772401545,116.74149817427337
1969.06,38.38774388588686,112.72340597400182
1969.07,37.243632141446255,109.96140384834507
1969.08,37.149676879260255,110.28011070290995
1969.09,36.57955795520891,108.88117305565777
1969.10,36.81435902801229,110.17080020047581
1969.11,36.85812154076763,110.89319444408102
1969.12,35.189909761233764,106.4387907735944
1970.01,34.926853496967595,105.92334594941815
1970.02,34.718328687236266,105.84804368169421
1970.03,35.19494014424413,107.86586300015676
1970.04,34.16270055880983,105.52451200537814
1970.05,31.7948428209109,98.46557371090182
1970.06,31.85456985829839,99.16168531557389
1970.07,32.488453910914075,101.6562488149458
1970.08,32.777569097445024,102.56088913481949
1970.09,33.58105700892423,105.61384590877935
1970.10,33.93307083086131,107.26543889455263
1970.11,34.644942765577184,110.07164646461581
1970.12,36.17082541883204,115.49998296618833
1971.01,37.29996444526685,119.10552795471324
1971.02,38.39306661590396,122.90403090212249
1971.03,39.47617404438847,126.68799851873939
1971.04,40.28073421736593,129.5931896820374
1971.05,39.37074767752273,127.29728384967132
1971.06,38.55916847696409,125.60129640480329
1971.07,38.23874787574306,124.86436150821646
1971.08,37.84910799882903,123.89570193285567
1971.09,38.93263387160533,127.44252788643394
1971.10,38.58122601884193,126.6017651802548
1971.11,37.71684245147952,123.76534714192076
1971.12,38.89481777541087,128.254907453407
1972.01,39.9805176729337,131.83498181403286
1972.02,40.27732969526045,133.46000914635079
1972.03,40.993015096774826,136.16034157894796
1972.04,41.23460895244801,137.293635642479
1972.05,40.98335816366264,136.78589006605853
1972.06,41.11139785878217,137.54307434024497
1972.07,40.818453275759,137.21797175891925
1972.08,41.80409836677643,140.86677759888585
1972.09,41.13251396692033,138.93375648417998
1972.10,41.16312850728164,139.69767265311077
1972.11,42.93842133990404,146.06708370901083
1972.12,43.65950425552893,148.8703326340226
1973.01,43.7807096603259,149.63487482838264
1973.02,42.4524258147203,146.11682693729063
1973.03,41.74252975088939,145.01305112446482
1973.04,41.2378515856052,144.25236735057945
1973.05,40.26969464681906,141.83495830947788
1973.06,39.65712544827423,140.6319274522673
1973.07,39.549232327824114,140.56662348106033
1973.08,38.280250444595964,138.51338443298357
1973.09,39.122665067113644,141.87546405088085
1973.10,40.11388390541748,146.75739172055364
1973.11,38.7253616725645,142.60954579355825
1973.12,37.66763439483876,139.62100207165327
1974.01,37.54301299567297,140.36391374690447
1974.02,36.578049496671156,138.51696602577476
1974.03,36.92653576457272,141.61422885272464
1974.04,35.38789627597089,136.2813451764723
1974.05,34.37379826467327,134.03068022679201
1974.06,34.313782599107384,134.89787363625874
1974.07,31.63285809529657,125.37351749545371
1974.08,30.609807858380407,122.79227237994678
1974.09,29.30344149645316,118.96236071747137
1974.10,29.528893360528116,121.06218281128861
1974.11,30.02630666794812,124.06508388790223
1974.12,29.967561678059496,124.7840837048094
1975.01,31.41488548546846,131.31478679240718
1975.02,33.73380099290367,142.09048955978164
1975.03,34.94580129222882,147.75631348879517
1975.04,35.24780880760949,149.59883957457726
1975.05,37.39774733273302,159.6237480353807
1975.06,38.2105350963875,164.31920983661075
1975.07,37.97806052823668,165.1476877565682
1975.08,35.10028413065331,152.91528209209275
1975.09,34.604484801761856,151.5882220026126
1975.10,36.121617169101825,159.10358246218004
1975.11,36.59802915814643,162.37653092882658
1975.12,36.01108394041037,160.35023681581515
1976.01,38.35920947282247,171.11373406394284
1976.02,39.37128044645749,176.2601627760596
1976.03,39.64169972964106,177.78884317404697
1976.04,40.0062736988244,180.06586502533514
1976.05,39.43441884574895,178.7575202162161
1976.06,39.583076039232,180.38412120792418
1976.07,40.25292744296752,184.40555830788992
1976.08,39.960637580714035,184.02834900186167
1976.09,40.74183836530179,188.27971555311456
1976.10,39.74495815223753,184.62947569607354
1976.11,39.75377981218955,184.98940269216666
1976.12,41.097100826581055,191.89983404310055
1977.01,40.45595306398454,189.879785076659
1977.02,39.35773837975469,186.61993939088916
1977.03,39.10152181710788,186.65991110380207
1977.04,38.70181993419578,186.30438075063
1977.05,38.52146450631298,186.36335941492644
1977.06,38.781240336538104,188.86470935993827
1977.07,38.90446617059203,190.40121882763185
1977.08,38.349967168274304,188.30283007841263
1977.09,38.1796091730358,188.07898750911068
1977.10,37.52136661719567,185.43845011261874
1977.11,37.55320499720207,186.49967771233617
1977.12,37.39345023083558,186.3063113640021
1978.01,36.21985870545805,181.62147473698394
1978.02,35.82099722267168,180.77099401091812
1978.03,35.687368607812004,181.52824674805368
1978.04,36.32807731575221,186.24460444131796
1978.05,37.11898712689626,192.08624211250572
1978.06,36.891117133617854,192.9789019995402
1978.07,36.543614325323915,192.62706034200892
1978.08,38.53046111764601,204.02743544983264
1978.09,38.413271777951934,204.94785290622167
1978.10,37.17759498356182,200.14476753394115
1978.11,35.45084248340174,191.70210677795671
1978.12,35.693651660236526,193.87422657656828
1979.01,36.29260299108361,198.874568446922
1979.02,35.71661999154577,198.01077752540846
1979.03,35.96387749679846,201.40134239172517
1979.04,36.16996223686877,204.876990022967
1979.05,35.28642819867338,202.42034950069046
1979.06,35.811410546617594,207.73044590231234
1979.07,35.80570083247116,209.9954980366672
1979.08,36.66662910068155,217.10397541328598
1979.09,36.564238048395595,218.84457428403311
1979.10,34.89823240685445,210.55312897674276
1979.11,34.397898621563456,209.4662784354232
1979.12,35.4143502770722,217.9290226020903
1980.01,35.38163434772835,220.85026035392957
1980.02,34.97295056880043,221.38577181679898
1980.03,31.821759893442135,204.5018020005241
1980.04,31.9043358505823,207.33621014237679
1980.05,33.68221094409026,221.05193643213988
1980.06,35.07568290031145,232.72984131087196
1980.07,35.816040550423594,237.6421709984677
1980.08,35.978094230380265,240.44933757294962
1980.09,36.40175272325243,245.32511430273348
1980.10,37.08464552163258,252.30764675054775
1980.11,38.22508807067547,262.2134943088497
1980.12,37.382278991709626,258.83142224444964
1981.01,37.469394536046536,261.53893845592415
1981.02,36.06062847012325,254.30950649506394
1981.03,36.874993305229935,261.8277354082643
1981.04,36.61597693620499,261.7512464946792
1981.05,35.81214236575869,258.0162551485089
1981.06,36.29478733291822,263.82313839371795
1981.07,35.00121209204002,257.2284415548329
1981.08,34.589357650604484,256.1442590956326
1981.09,32.35706052054121,241.94987506900975
1981.10,32.910666869528,246.61755475644463
1981.11,35.051907342682284,263.5067074726537
1981.12,34.97065489292007,263.7375986635916
1982.01,33.38033874774408,252.54737629290616
1982.02,33.1945400615017,251.94063552060675
1982.03,33.43374770118709,253.48793761552997
1982.04,34.27003868824184,260.92833064325305
1982.05,34.48412103416592,265.04834601382436
1982.06,32.78654121992329,255.15716406614706
1982.07,33.24073244014653,260.0253136847041
1982.08,34.54349560818696,270.7704557604977
1982.09,36.97287853916265,290.40653463739
1982.10,40.31200208131912,317.60423457241836
1982.11,41.86409456800234,329.1608742125509
1982.12,42.5001954848681,332.79835729907427
1983.01,43.645082109637315,342.46374239731335
1983.02,44.07828645021169,346.21654917134583
1983.03,45.542480659330806,357.7171837745193
1983.04,46.7583781404316,369.893570439335
1983.05,48.1101264092579,382.90284992459624
1983.06,48.41577296985949,386.5007840270496
1983.07,48.32599347127186,387.33496938169264
1983.08,47.06031007661775,378.32316523045574
1983.09,48.30508326545689,390.26781258441724
1983.10,48.53132813784819,393.2638069567006
1983.11,47.96288615299102,389.4271711582953
1983.12,47.87545017346699,389.1013563168601
1984.01,48.41019415653716,395.77780638483523
1984.02,46.70524809149319,383.7126072453407
1984.03,46.329536210464596,381.3693108670325
1984.04,46.08540048911044,381.20839824468294
1984.05,45.2505110396113,375.39151817639936
1984.06,44.66197235816762,371.58406670896534
1984.07,44.66975458525832,373.0823679884345
1984.08,47.669585184054284,399.66681708209535
1984.09,48.26053299365381,406.55737317753596
1984.10,48.62681615585626,410.8134319530059
1984.11,49.97399423901436,422.1947827290928
1984.12,50.15073935406775,423.6879766709558
1985.01,51.80150900035824,438.4653709078807
1985.02,53.50632057625489,455.0418927086789
1985.03,52.961178851807176,452.1054058942368
1985.04,53.61542440193068,459.8412022367279
1985.05,55.16144256044794,474.87112833905485
1985.06,56.879597415801754,491.03134230291244
1985.07,57.56429198810565,497.8658718582469
1985.08,56.894418183452274,492.98515828310974
1985.09,56.19466341083921,488.27440504905235
1985.10,56.865733932767796,495.93027498366064
1985.11,59.733428509197154,522.3773875883812
1985.12,62.47569223340736,547.8626166426434
1986.01,62.891869723870286,553.0259225506161
1986.02,66.22624881753461,580.7520440437779
1986.03,70.8710517896946,618.6402919350667
1986.04,73.30996778219497,638.7534848349978
1986.05,72.64599003837378,634.7167438946576
1986.06,73.67122052169259,647.220720724184
1986.07,73.79796791157958,648.334229316164
1986.08,75.11447742233486,661.1054027618634
1986.09,73.268611521087,647.7985695012385
1986.10,73.39837777905535,649.5347676094002
1986.11,75.4017006111099,667.8680119270771
1986.12,76.58700752806976,678.9812905452623
1987.01,79.39776545264482,708.3591299013074
1987.02,82.44047155536805,738.1507927051339
1987.03,84.97448415868632,764.248470214417
1987.04,83.24362840375801,752.6886141421769
1987.05,82.74632484654552,750.8475143060441
1987.06,86.01259608827178,783.24628952792
1987.07,88.3469983550055,806.6302213812173
1987.08,93.4347004446505,857.5800129392364
1987.09,90.16192231609284,831.8814336073838
1987.10,78.48603554207278,726.0426422683895
1987.11,69.71667618530444,645.4801792535768
1987.12,69.05390291317906,639.3438136965201
1988.01,71.42191501983336,662.9874052860428
1988.02,73.74657561325398,686.3415271574036
1988.03,74.77316758082628,698.8953208222615
1988.04,73.54978430536187,691.001081557441
1988.05,71.81595452004609,677.016467408414
1988.06,74.82723627631248,708.4058532175145
1988.07,74.31176649927727,706.506829284891
1988.08,72.96841227167226,696.6622635161389
1988.09,74.02263862479401,711.4785456693407
1988.10,76.1678168317161,734.5416125326901
1988.11,74.92493542745262,723.1567316798009
1988.12,75.9687272158929,734.450153284974
1989.01,77.4553547494325,752.5511420193066
1989.02,78.82909977588889,769.0606143293594
1989.03,78.17863893304201,767.1053133304154
1989.04,80.0481052515072,790.5867622091118
1989.05,82.5860295309937,820.2904594811262
1989.06,85.46679633152542,850.960957956544
1989.07,87.56606109504054,873.9701980267955
1989.08,90.37408622569416,903.4463967378151
1989.09,90.43470436909746,906.9546354935774
1989.10,90.5760096261061,912.7319469153827
1989.11,89.46339542393326,903.6734768295601
1989.12,91.28678193705741,923.5563797781633
1990.01,88.48844603134097,904.47470368423
1990.02,86.37428077343617,887.0229211070491
1990.03,87.20196541612387,900.4202406413278
1990.04,86.96936939888911,899.4140490495711
1990.05,89.16147094017646,924.2302246109257
1990.06,91.32678617690868,951.8045019269421
1990.07,91.31000201221497,955.2925093632275
1990.08,85.38802935758753,901.5572468082155
1990.09,82.54298812619129,878.8030148229691
1990.10,81.87120466981463,876.9056636609557
1990.11,84.10718936000438,902.8792294829282
1990.12,87.12225324416448,935.2455298822933
1991.01,86.45830874404834,933.6674626000631
1991.02,92.9900910479837,1005.6966274761544
1991.03,94.55868452093284,1024.1784155627693
1991.04,96.31121498779459,1044.7057423096066
1991.05,95.98861681475279,1044.2869521414314
1991.06,95.80431289463428,1045.3564361096724
1991.07,96.40640966101228,1053.4730877259417
1991.08,98.80979627085958,1082.9069271511626
1991.09,98.65255584354782,1085.9326256495287
1991.10,99.01079620217763,1091.4647500156807
1991.11,99.11047696263722,1095.7442803058066
1991.12,100.55218136268923,1112.4901933580677
1992.01,105.24886120631663,1166.1422024499016
1992.02,103.91785448669077,1155.5635396012203
1992.03,102.4195773115996,1144.6547747448776
1992.04,102.7815660575094,1150.3496557796807
1992.05,104.49902309308982,1171.2485472194976
1992.06,103.62873063600432,1165.651215014429
1992.07,105.9861436015558,1194.719199854996
1992.08,107.23751686513094,1212.2666867832768
1992.09,107.92293195587627,1223.4784545429566
1992.10,106.481861041853,1211.4131743986982
1992.11,107.40543776301331,1223.6438803183974
1992.12,110.25040060981462,1255.1712997638315
1993.01,110.59297463776431,1265.2824774285364
1993.02,112.73111821959753,1294.2669977419173
1993.03,114.98524251228628,1324.7592909568784
1993.04,114.11823616981508,1318.4327160709972
1993.05,114.3762476200468,1323.2488749125514
1993.06,115.33264194998151,1336.1642953922928
1993.07,116.25566224579734,1346.8577707375161
1993.08,117.80850246052205,1368.628646578636
1993.09,120.06879903679226,1397.7773790255605
1993.10,120.71184645649805,1411.0742720964236
1993.11,119.1045284692326,1393.240937114807
1993.12,119.72237351705837,1400.4682610838254
1994.01,120.9406011368967,1418.5998976769179
1994.02,119.93446248998043,1411.609380074693
1994.03,117.03483447348344,1382.1761152604367
1994.04,113.11837351056352,1337.7380005938276
1994.05,113.47167285078831,1342.8265098060383
1994.06,114.36301488855395,1357.9623837072468
1994.07,113.3556662711162,1349.6388262775645
1994.08,115.65581267312007,1382.5923883941723
1994.09,115.71737189684836,1387.0419231310734
1994.10,114.86945320808923,1377.7999830201343
1994.11,114.15532285406528,1371.0661085406728
1994.12,113.72353790577733,1365.880141789633
1995.01,115.32415254700709,1390.6558950017024
1995.02,118.81834180304361,1438.510895278684
1995.03,121.4442491351856,1475.1740289974396
1995.04,124.22907836376157,1513.9846283822299
1995.05,128.28642323310567,1566.519400493642
1995.06,132.44679213510312,1620.510004028567
1995.07,135.3425582323207,1655.9402160723657
1995.08,135.069296983963,1656.9314963830475
1995.09,139.43347879850376,1713.8241442913022
1995.10,140.53805393841776,1733.038582934516
1995.11,143.5515709662991,1769.0479064067968
1995.12,148.05804660041804,1823.3952691198847
1996.01,147.88773505302038,1831.9764320048562
1996.02,152.08994739584716,1890.1329630203363
1996.03,149.71634591649945,1870.2439566013581
1996.04,148.8523749711194,1866.6168200980446
1996.05,150.7557981218623,1894.1144208798469
1996.06,151.98987438157633,1910.8389320189908
1996.07,147.59776131291665,1859.1732043561879
1996.08,151.55430536055576,1912.6584768151279
1996.09,153.15682735341545,1939.0266981303666
1996.10,158.5720824832863,2013.9471665674173
1996.11,165.71437156005777,2108.6465311781267
1996.12,167.3670521147418,2129.67620462149
1997.01,169.0945793518017,2158.4415568506847
1997.02,174.444035387192,2233.723638740292
1997.03,172.51726378575074,2214.588154806601
1997.04,167.6645403382812,2154.984560601557
1997.05,179.3002424255036,2303.099161968814
1997.06,187.38540070427212,2409.959269880199
1997.07,196.82445911925936,2534.51305181514
1997.08,197.02962335317568,2541.89730205012
1997.09,198.88388912432413,2572.2019906104233
1997.10,201.71190993146627,2615.2506977048542
1997.11,200.25954950221262,2594.813747256061
1997.12,205.23895454787407,2656.039868836231
1998.01,207.2317958199451,2686.817544828562
1998.02,214.56481981949878,2787.056632894284
1998.03,221.50091489062356,2882.483320168525
1998.04,226.91487461324004,2958.3990844804885
1998.05,226.31779444305357,2956.0619498220167
1998.06,227.11606345327345,2970.132917968198
1998.07,234.78668443494144,3074.2136457699944
1998.08,222.26356285624615,2913.8068005686746
1998.09,218.10728925944045,2862.819113673673
1998.10,221.76099580281766,2917.8935216058635
1998.11,232.0012325355451,3052.632817458889
1998.12,240.05057747688807,3156.6187892857906
1999.01,246.5604974425396,3250.135666841561
1999.02,244.71704957578322,3229.762285217934
1999.03,247.98043157406278,3282.7800413105288
1999.04,254.64394272068557,3395.508312812184
1999.05,253.31607496293668,3377.8020757755658
1999.06,251.10678511930973,3348.342659033515
1999.07,260.5700270209172,3484.9815759720223
1999.08,250.92446646175335,3364.030215153449
1999.09,248.66751746060913,3349.7329358128554
1999.10,245.202955483898,3308.964596928632
1999.11,260.1098343951876,3512.216810135724
1999.12,266.51456654408753,3598.698768690221
2000.01,263.1661894233505,3564.043228319908
2000.02,259.05091692170095,3529.0941795496146
2000.03,265.4307851202784,3645.8221625569495
2000.04,270.2564018697951,3714.272663300824
2000.05,262.33075372842086,3609.5558010263994
2000.06,269.10417749644375,3722.186501240547
2000.07,270.7974290770742,3754.2976678172963
2000.08,274.7354845737734,3808.8943182263574
2000.09,272.5141793375699,3797.7760493384485
2000.10,265.6546827568843,3708.5757367785263
2000.11,265.52385779471933,3708.8797181465634
2000.12,268.3593465766992,3746.333213944792
2001.01,268.5275931085778,3772.380522666943
2001.02,265.05659854599094,3738.504603453559
2001.03,253.76543799931756,3587.3917498878145
2001.04,250.80707160165366,3559.656070103396
2001.05,254.5494094885148,3629.108481212759
2001.06,252.47885716895667,3605.665601216915
2001.07,250.99738991714298,3574.439834527766
2001.08,252.49875930455414,3595.820752259511
2001.09,244.92964399941184,3503.750099144774
2001.10,250.46813049023535,3570.9217258138196
2001.11,252.6939745746347,3596.5734213022442
2001.12,248.86620138458693,3528.1163354511264
2002.01,248.66881097799433,3533.298325391421
2002.02,244.32022250766022,3485.2312584338615
2002.03,246.2622084293355,3532.691496129224
2002.04,240.478445075757,3469.015746118381
2002.05,237.60271687428713,3427.532001455471
2002.06,233.06952114183036,3364.0084331403123
2002.07,227.0408629334056,3280.636936019948
2002.08,233.27446908983393,3381.939162799672
2002.09,238.13822532531458,3458.184152867496
2002.10,237.00274214432557,3447.3994149405753
2002.11,236.3622924906049,3438.0835490499176
2002.12,237.6252326335657,3448.8281172244715
2003.01,236.4272439355084,3446.6158077712225
2003.02,227.16345509429948,3337.0847666610516
2003.03,228.47952640582457,3376.5823373057265
2003.04,233.7813323722837,3447.4324490579766
2003.05,244.8564832139275,3604.857525406849
2003.06,255.1621847899728,3760.6758137826437
2003.07,251.17411376257928,3705.928503397994
2003.08,247.46901090416827,3665.160081171405
2003.09,253.66782775175443,3769.1793306016225
2003.10,258.04689603491556,3830.106026731097
2003.11,261.39511993103974,3869.3166704004216
2003.12,268.4752630065559,3969.812915464696
2004.01,276.50538659602694,4108.516232407983
2004.02,277.8459606394738,4150.727215387931
2004.03,275.58771843421937,4143.524150885532
2004.04,272.01098574279854,4102.841334232329
2004.05,263.49780300325915,3997.6885469581466
2004.06,267.916292165336,4077.621248110572
2004.07,265.9882283308955,4041.874458025617
2004.08,265.5855259345683,4037.8859280727593
2004.09,271.0859193875392,4130.212089852692
2004.10,270.461876440934,4142.403631512341
2004.11,277.61434422848674,4254.178398755757
2004.12,283.72167449475114,4331.833257496055
2005.01,281.3285122901102,4304.323174046891
2005.02,283.3240795797017,4359.859741204011
2005.03,278.0563699387094,4312.261920026896
2005.04,273.8657905450975,4275.836114404763
2005.05,278.5955630361152,4345.211144183966
2005.06,283.66464683791173,4426.548706856283
2005.07,283.8295589412003,4449.616790640994
2005.08,282.57695880030315,4452.651025693562
2005.09,280.56080195474465,4474.904825371141
2005.10,273.6492734163314,4373.44895574429
2005.11,282.0060553852634,4470.805769387753
2005.12,288.01611439625617,4547.600544121935
2006.01,289.2393555587546,4601.72358519644
2006.02,287.69850802808674,4586.441996019759
2006.03,287.8796944297435,4614.736899049742
2006.04,285.22920641566134,4611.15236478491
2006.05,281.8325880592927,4578.852618692446
2006.06,276.4759452169949,4500.697530637783
2006.07,277.5101481908505,4530.892012795615
2006.08,283.09757570372085,4631.202859565459
2006.09,290.8253560718972,4734.288767481477
2006.10,299.65681786398136,4851.608562305362
2006.11,305.5937531866516,4940.37541028182
2006.12,310.39975135460236,5025.542559465524
2007.01,309.2602083753527,5022.377019410251
2007.02,311.5092940514471,5085.969092771844
2007.03,305.70007989299984,5036.570504616309
2007.04,310.2826935768951,5145.280336913605
2007.05,315.06098928404845,5256.442247803541
2007.06,312.9468305301057,5231.288357591089
2007.07,315.36830626528445,5270.425263763314
2007.08,309.1096975169678,5156.357960188157
2007.09,316.0042546291095,5285.895680539623
2007.10,321.71680836042947,5392.963193033414
2007.11,312.9941211818732,5277.907783280258
2007.12,316.4215502284537,5332.123765331889
2008.01,306.50578464041064,5190.703109635611
2008.02,303.93446116594237,5162.105437518912
2008.03,301.69801866511875,5168.538063361684
2008.04,302.44019710018347,5212.675838767722
2008.05,301.044145472453,5232.307069487371
2008.06,289.58703082166744,5083.895636889323
2008.07,281.8351890706874,4973.787815459269
2008.08,287.48845982962575,5053.304529054156
2008.09,286.46245376894717,5028.306120966918
2008.10,272.17511684937267,4729.259654998466
2008.11,284.86840989559755,4855.012438985374
2008.12,320.2272212585342,5401.187254021908
2009.01,315.875963157092,5350.9845332691075
2009.02,298.195855425608,5076.601625912455
2009.03,289.090086526744,4933.549541008462
2009.04,304.1062530348927,5202.767907243069
2009.05,312.3622741814893,5359.452721696929
2009.06,313.2301947952037,5420.509378017548
2009.07,317.9690100737989,5493.790780500731
2009.08,337.45281197336567,5843.503917744099
2009.09,348.73620382877607,6042.670060574357
2009.10,355.91901383514755,6173.068606303557
2009.11,362.43577453131707,6290.544478069831
2009.12,370.106158778402,6412.360614735611
2010.01,370.57728155153063,6442.465130487151
2010.02,364.67180338539356,6341.378650420251
2010.03,375.7644921911058,6561.104053507814
2010.04,384.1686927443063,6719.497879653882
2010.05,372.6105325476742,6522.3862212008935
2010.06,368.4482431828378,6443.2306849615925
2010.07,371.36519884897325,6495.611448545416
2010.08,377.88712197699874,6618.813267524543
2010.09,385.087807065511,6748.859333067172
2010.10,395.8311072788663,6945.779244240417
2010.11,398.0321070546863,6987.338877907874
2010.12,399.27596198677907,7021.21924378485
2011.01,404.74047076179545,7151.213360427548
2011.02,409.06811460211225,7263.319251434277
2011.03,404.1501647493153,7245.970932482054
2011.04,407.2879080510686,7349.249419772335
2011.05,410.7126696967698,7445.910005095338
2011.06,403.5182407991251,7307.645813065268
2011.07,411.123010060551,7451.963809113979
2011.08,392.51823939436554,7134.355600642746
2011.09,397.30427814498375,7232.31129941281
2011.10,399.65499778910635,7260.096295484673
2011.11,406.33389770053213,7375.197898723614
2011.12,411.17127306365273,7444.591481355012
2012.01,421.5396100129665,7665.902347320673
2012.02,431.28928695001923,7877.738377120244
2012.03,434.4761560577799,7996.218336143818
2012.04,434.45480000200837,8019.980917557175
2012.05,428.06400172143276,7892.734742936271
2012.06,427.96579161989916,7879.35269802179
2012.07,438.12391120887514,8053.229141375741
2012.08,443.528273400829,8197.937958274033
2012.09,450.70659155621433,8367.791115063206
2012.10,450.01546019452803,8351.710158474642
2012.11,443.90223765926817,8199.223009601945
2012.12,451.19959839526064,8311.566965317565
2013.01,458.56742669025516,8472.271249528716
2013.02,461.1850439738221,8590.417324238315
2013.03,469.1827246098019,8762.238002015794
2013.04,477.197256186445,8902.648483016099
2013.05,490.0750010571585,9159.175300553768
2013.06,481.28479751145755,9016.477367647887
2013.07,491.47140876002004,9210.942864204422
2013.08,491.1249274559161,9215.521585150105
2013.09,495.41716564301214,9306.872970940189
2013.10,507.0905745588043,9501.63624886403
2013.11,525.1829053065576,9820.543479818567
2013.12,532.1806529999269,9950.54239616583
2014.01,534.5373138060577,10031.78889217371
2014.02,535.4055144938645,10085.23951260747
2014.03,540.7797893431791,10252.074113159448
2014.04,540.3285805228968,10277.290491226107
2014.05,546.715931697636,10435.099642183726
2014.06,556.1017580070834,10634.010825785044
2014.07,563.1698600641955,10764.967969741527
2014.08,565.0008462429162,10781.925694640515
2014.09,569.4258468462956,10874.545784937029
2014.10,565.1200342155437,10765.202718557899
2014.11,587.8772921837726,11138.248492555918
2014.12,596.1975561794748,11231.839988951062
2015.01,602.6232749514033,11299.46940336359
2015.02,607.4302012396947,11439.067079753375
2015.03,603.1222605459634,11425.53965435271
2015.04,607.6584001418978,11534.873583304681
2015.05,602.8318206339477,11501.581969601073
2015.06,596.3462211042443,11417.696662833114
2015.07,597.1962810705327,11434.738600288772
2015.08,592.2728477489572,11324.406561572556
2015.09,577.9213841818178,11032.800785706968
2015.10,594.4434043769133,11343.111093190557
2015.11,601.7863405727749,11458.990861224673
2015.12,600.5796756847808,11396.936036163344
2016.01,580.1633807026124,11027.704833770651
2016.02,586.5493745319063,11158.265910229195
2016.03,598.9614802640363,11443.452770913755
2016.04,607.7785300288565,11666.95966960735
2016.05,604.6743037242882,11654.331717783978
2016.06,610.8007448374065,11811.076023252397
2016.07,626.9076356903261,12102.919636259008
2016.08,629.5539699591327,12165.171701603933
2016.09,625.1094701013317,12108.327070149731
2016.10,619.8155622178115,12020.752635600416
2016.11,617.2787059666457,11952.931360710143
2016.12,626.7404608808893,12140.120383635862
2017.01,630.3209607866006,12280.62906877316
2017.02,638.900228709746,12486.942290837222
2017.03,644.6803210638636,12610.152095538695
2017.04,646.1305202152944,12675.998400278244
2017.05,652.9579133093389,12820.88935111901
2017.06,662.576279188761,13021.548144319982
2017.07,665.1287197210104,13062.692544235957
2017.08,666.7697254872933,13134.132938731564
2017.09,671.1830922280215,13291.072429287895
2017.10,681.511572496815,13487.071898064081
2017.11,689.876853775645,13652.952393246342
2017.12,704.519808798068,13934.5466228554
2018.01,717.2981700218065,14264.575825364576
2018.02,695.0892575963007,13885.600135980647
2018.03,694.794221205861,13911.090041443116
2018.04,684.4537887931128,13758.529965923692
2018.05,688.4849568004847,13897.119974620444
2018.06,698.933599126427,14130.513036593271
2018.07,707.3236553515958,14301.101607442768
2018.08,719.4375624747095,14554.108913547316
2018.09,725.7876999528921,14699.632714929263
2018.10,701.9702433828365,14242.367934423346
2018.11,695.0357848270896,14054.442359319808
2018.12,676.9995708895894,13646.004380911661
2019.01,686.2083107598328,13857.992519509244
2019.02,708.7338364276588,14373.397397293025
2019.03,716.6711576798548,14616.362940290783
2019.04,731.996450738774,15007.96783585423
2019.05,725.541197511282,14907.283747079004
2019.06,739.9830834579584,15207.040828270401
2019.07,767.7460924825541,15803.948662134862
2019.08,752.5326008063012,15489.996119183888
2019.09,764.7109745190096,15753.005588311316
2019.10,763.1543894815532,15756.881083494882
2019.11,783.5799600666633,16169.933040414755
2019.12,797.2771300460163,16437.619375132548
2020.01,813.5287644154396,16837.7566662248
2020.02,819.674688127669,17011.454473278405
2020.03,748.6396211713854,15503.383154023264
2020.04,774.4393222527542,15930.41953535063
2020.05,788.8834733065105,16227.855965924762
2020.06,801.7139049541106,16582.030279083025
2020.07,815.2579096317163,16947.456926911887
2020.08,835.0059527159847,17412.709584140204
2020.09,830.0763032964705,17334.01797765356
2020.10,833.8942752532898,17420.972166078645
2020.11,851.1231067467334,17770.04397703096
2020.12,871.6709036516077,18216.18203273941
2021.01,877.9073774820599,18424.55397711802
2021.02,882.2787451542235,18617.66072062512
2021.03,872.6616705585811,18545.159747318918
2021.04,903.5256033480468,19358.868941599256
2021.05,902.3601109900192,19488.899080303177
2021.06,908.9120907539987,19812.78623712297
2021.07,930.4681745953999,20380.24363072659
2021.08,946.0294522447139,20763.89355283283
2021.09,941.6994787354547,20724.993298406684
2021.10,934.8993830330032,20746.278611306494
2021.11,969.0390076744284,21609.52603229211
2021.12,969.2461190571462,21680.554436992126
2022.01,939.6626047369969,21195.6808142464
2022.02,909.708463466146,20707.443834523772
2022.03,887.0049796729986,20460.223710577004
2022.04,864.2016861598759,20045.51181807609
2022.05,807.5162738833956,18937.148475210808
2022.06,775.0144567239381,18424.597387512636
2022.07,785.0651117494858,18661.32940643384
2022.08,813.5481363670833,19331.529427121568
2022.09,760.1950965488973,18102.60582967905
2022.10,732.5143628825044,17514.20082981587
2022.11,759.1296442107027,18132.231750667983
2022.12,768.8048977743924,18306.953433206174
2023.01,772.2248300194451,18535.41148677458
2023.02,777.8834092856314,18775.457039677844
2023.03,765.0407168506968,18526.612381558196
2023.04,785.6945760759672,19123.033866928003
2023.05,785.6018686336665,19168.93189426225
2023.06,805.0005192542267,19705.688240472824
2023.07,823.6697410793072,20201.15463074982
2023.08,810.2443261764406,19958.669272821207
2023.09,799.8297585073374,19751.09062616501
2023.10,776.0031039674991,19155.365810223026
2023.11,810.2400322493013,19960.18865348611
2023.12,851.5669062714178,20957.434248592966
2024.01,861.7820311111705,21324.368139511193
2024.02,876.4169950292257,21820.73538537165
2024.03,891.3316371856372,22335.52847116113
2024.04,875.7100830649338,22029.508809378545
2024.05,892.3376976614682,22485.095729973837
2024.06,919.6222163577049,23180.431010031345
2024.07,937.0957719725716,23648.319783779254
2024.08,936.4233697851641,23650.58445484235
2024.09,957.5082021726657,24221.904063029622
2024.10,972.1726347709409,24621.180740607364
2024.11,988.908095199185,25031.45464978501
2024.12,1001.0803071586997,25348.555842679445
2025.01,985.9503216019925,25128.874176162746
2025.02,995.1263164193088,25475.396118460354
2025.03,965.1204441789291,24762.759823298868
2025.04,936.5561009364696,24104.7047622097
2025.05,966.3892772052823,24924.486891462482
2025.06,986.7188687618905,25535.579530702104
2025.07,1012.5372793709157,26243.303753672095
2025.08,1026.9468150814787,26693.23562295873
2025.09,1048.365948445126,27319.28668223806
2025.10,1066.441729959634,27825.573336936708
2025.11,1071.6122038453136,27866.767201803654
2025.12,1084.2014805269423,28188.230309573497
2026.01,1087.075940278587,28367.44935608958
2026.02,1083.3904736235318,28404.526532592703
2026.03,1047.744138815785,27758.10635630648
2026.04,1065.4935160742375,28468.301476390916
2026.05,1098.820271958526,29544.138244550253
2026.06,1108.7838082944818,29707.85890684533
